<?xml version="1.0" encoding="UTF-8"?>

<beans xmlns = "http://www.springframework.org/schema/beans"
   xmlns:xsi = "http://www.w3.org/2001/XMLSchema-instance" 
   xmlns:aop = "http://www.springframework.org/schema/aop"
   xmlns:context="http://www.springframework.org/schema/p"
   xsi:schemaLocation = "http://www.springframework.org/schema/beans
   http://www.springframework.org/schema/beans/spring-beans-3.0.xsd 
   http://www.springframework.org/schema/aop 
   http://www.springframework.org/schema/aop/spring-aop-3.0.xsd ">

   <!-- bean definition & AOP specific configuration -->

<bean id = "c1" class = "com.aop.withvar.Course">
<property name = "cId" value = "10"></property>
<property name = "cName" value = "Jane Doe"></property>
</bean>

<bean id = "c2" class = "com.aop.withvar.TrackCourse">
</bean>

<bean class ="org.springframework.aop.aspectj.annotation.AnnotationAwareAspectJAutoProxyCreator"></bean>

</beans>